therapeutic_area,n_trials,mean_nnt,median_nnt,min_nnt,max_nnt
infectious disease,1,1.0792079207920793,1.0792079207920793,1.0792079207920793,1.0792079207920793
oncology,5,4.313236529502392,1.6666666666666667,1.2115384615384617,14.802153432032302
